buyer,tokenID
0x3Bd462aeB38Fb7d13015513EdC733bB5F24e97b6,1
0x8C2602a06413AFdED21B31FA31cDf7F228fE2d7C,2
0xE10656270792d6b4BA5A2B2c1658c0ee4bAD7484,3
0x3Ffb3C52Da92aA71123Ba66Cc9193D1bd9f50197,4
0x582E4D60E389A663EC7002D7279FC155E3cDa06f,5
0x3Bd462aeB38Fb7d13015513EdC733bB5F24e97b7,6
0x8C2602a06413AFdED21B31FA31cDf7F228fE2d7C,7
0xE10656270792d6b4BA5A2B2c1658c0ee4bAD7485,8
0x3Ffb3C52Da92aA71123Ba66Cc9193D1bd9f50198,9
0x582E4D60E389A663EC7002D7279FC155E3cDa06f,10
0x3Bd462aeB38Fb7d13015513EdC733bB5F24e97b8,11
0x8C2602a06413AFdED21B31FA31cDf7F228fE2d7C,12
0xE10656270792d6b4BA5A2B2c1658c0ee4bAD7486,13
0x3Ffb3C52Da92aA71123Ba66Cc9193D1bd9f50199,14
0x582E4D60E389A663EC7002D7279FC155E3cDa06f,15
0x3Bd462aeB38Fb7d13015513EdC733bB5F24e97b9,16
0x8C2602a06413AFdED21B31FA31cDf7F228fE2d7C,17
0xE10656270792d6b4BA5A2B2c1658c0ee4bAD7487,18
0x3Ffb3C52Da92aA71123Ba66Cc9193D1bd9f50200,19
0x582E4D60E389A663EC7002D7279FC155E3cDa06f,20
0x3Bd462aeB38Fb7d13015513EdC733bB5F24e97b10,21
0x8C2602a06413AFdED21B31FA31cDf7F228fE2d7C,22
0xE10656270792d6b4BA5A2B2c1658c0ee4bAD7488,23
0x3Ffb3C52Da92aA71123Ba66Cc9193D1bd9f50201,24
0x582E4D60E389A663EC7002D7279FC155E3cDa06f,25
0x3Bd462aeB38Fb7d13015513EdC733bB5F24e97b11,26
0x8C2602a06413AFdED21B31FA31cDf7F228fE2d7C,27
0xE10656270792d6b4BA5A2B2c1658c0ee4bAD7489,28
0x3Ffb3C52Da92aA71123Ba66Cc9193D1bd9f50202,29
0x582E4D60E389A663EC7002D7279FC155E3cDa06f,30
0x3Bd462aeB38Fb7d13015513EdC733bB5F24e97b12,31
0x8C2602a06413AFdED21B31FA31cDf7F228fE2d7C,32
0xE10656270792d6b4BA5A2B2c1658c0ee4bAD7490,33
0x3Ffb3C52Da92aA71123Ba66Cc9193D1bd9f50203,34
0x582E4D60E389A663EC7002D7279FC155E3cDa06f,35
0x3Bd462aeB38Fb7d13015513EdC733bB5F24e97b13,36
0x8C2602a06413AFdED21B31FA31cDf7F228fE2d7C,37
0xE10656270792d6b4BA5A2B2c1658c0ee4bAD7491,38
0x3Ffb3C52Da92aA71123Ba66Cc9193D1bd9f50204,39
0x582E4D60E389A663EC7002D7279FC155E3cDa06f,40
0x3Bd462aeB38Fb7d13015513EdC733bB5F24e97b14,41
0x8C2602a06413AFdED21B31FA31cDf7F228fE2d7C,42
0xE10656270792d6b4BA5A2B2c1658c0ee4bAD7492,43
0x3Ffb3C52Da92aA71123Ba66Cc9193D1bd9f50205,44
0x582E4D60E389A663EC7002D7279FC155E3cDa06f,45
0x3Bd462aeB38Fb7d13015513EdC733bB5F24e97b15,46
0x8C2602a06413AFdED21B31FA31cDf7F228fE2d7C,47
0xE10656270792d6b4BA5A2B2c1658c0ee4bAD7493,48
0x3Ffb3C52Da92aA71123Ba66Cc9193D1bd9f50206,49
0x582E4D60E389A663EC7002D7279FC155E3cDa06f,50
0x3Bd462aeB38Fb7d13015513EdC733bB5F24e97b16,51
0x8C2602a06413AFdED21B31FA31cDf7F228fE2d7C,52
0xE10656270792d6b4BA5A2B2c1658c0ee4bAD7494,53
0x3Ffb3C52Da92aA71123Ba66Cc9193D1bd9f50207,54
0x582E4D60E389A663EC7002D7279FC155E3cDa06f,55
0x3Bd462aeB38Fb7d13015513EdC733bB5F24e97b17,56
0x8C2602a06413AFdED21B31FA31cDf7F228fE2d7C,57
0xE10656270792d6b4BA5A2B2c1658c0ee4bAD7495,58
0x3Ffb3C52Da92aA71123Ba66Cc9193D1bd9f50208,59
0x582E4D60E389A663EC7002D7279FC155E3cDa06f,60
0x3Bd462aeB38Fb7d13015513EdC733bB5F24e97b18,61
0x8C2602a06413AFdED21B31FA31cDf7F228fE2d7C,62
0xE10656270792d6b4BA5A2B2c1658c0ee4bAD7496,63
0x3Ffb3C52Da92aA71123Ba66Cc9193D1bd9f50209,64
0x582E4D60E389A663EC7002D7279FC155E3cDa06f,65
0x3Bd462aeB38Fb7d13015513EdC733bB5F24e97b19,66
0x8C2602a06413AFdED21B31FA31cDf7F228fE2d7C,67
0xE10656270792d6b4BA5A2B2c1658c0ee4bAD7497,68
0x3Ffb3C52Da92aA71123Ba66Cc9193D1bd9f50210,69
0x582E4D60E389A663EC7002D7279FC155E3cDa06f,70
0x3Bd462aeB38Fb7d13015513EdC733bB5F24e97b20,71
0x8C2602a06413AFdED21B31FA31cDf7F228fE2d7C,72
0xE10656270792d6b4BA5A2B2c1658c0ee4bAD7498,73
0x3Ffb3C52Da92aA71123Ba66Cc9193D1bd9f50211,74
0x582E4D60E389A663EC7002D7279FC155E3cDa06f,75
0x3Bd462aeB38Fb7d13015513EdC733bB5F24e97b21,76
0x8C2602a06413AFdED21B31FA31cDf7F228fE2d7C,77
0xE10656270792d6b4BA5A2B2c1658c0ee4bAD7499,78
0x3Ffb3C52Da92aA71123Ba66Cc9193D1bd9f50212,79
0x582E4D60E389A663EC7002D7279FC155E3cDa06f,80
0x3Bd462aeB38Fb7d13015513EdC733bB5F24e97b22,81
0x8C2602a06413AFdED21B31FA31cDf7F228fE2d7C,82
0xE10656270792d6b4BA5A2B2c1658c0ee4bAD7500,83
0x3Ffb3C52Da92aA71123Ba66Cc9193D1bd9f50213,84
0x582E4D60E389A663EC7002D7279FC155E3cDa06f,85
0x3Bd462aeB38Fb7d13015513EdC733bB5F24e97b23,86
0x8C2602a06413AFdED21B31FA31cDf7F228fE2d7C,87
0xE10656270792d6b4BA5A2B2c1658c0ee4bAD7501,88
0x3Ffb3C52Da92aA71123Ba66Cc9193D1bd9f50214,89
0x582E4D60E389A663EC7002D7279FC155E3cDa06f,90
0x3Bd462aeB38Fb7d13015513EdC733bB5F24e97b24,91
0x8C2602a06413AFdED21B31FA31cDf7F228fE2d7C,92
0xE10656270792d6b4BA5A2B2c1658c0ee4bAD7502,93
0x3Ffb3C52Da92aA71123Ba66Cc9193D1bd9f50215,94
0x582E4D60E389A663EC7002D7279FC155E3cDa06f,95
0x3Bd462aeB38Fb7d13015513EdC733bB5F24e97b25,96
0x8C2602a06413AFdED21B31FA31cDf7F228fE2d7C,97
0xE10656270792d6b4BA5A2B2c1658c0ee4bAD7503,98
0x3Ffb3C52Da92aA71123Ba66Cc9193D1bd9f50216,99
0x3Ffb3C52Da92aA71123Ba66Cc9193D1bd9f50217,100
